<?xml version="1.0" encoding="UTF-8"?>
<project-private xmlns="http://www.netbeans.org/ns/project-private/1">
    <editor-bookmarks xmlns="http://www.netbeans.org/ns/editor-bookmarks/2" lastBookmarkId="0"/>
    <open-files xmlns="http://www.netbeans.org/ns/projectui-open-files/2">
        <group>
            <file>file:/C:/Users/HP/Documents/NetBeansProjects/CalendarforProject/src/calendarforproject/MessageFrame.java</file>
            <file>file:/C:/Users/HP/Documents/NetBeansProjects/CalendarforProject/src/calendarforproject/AssignFrame.java</file>
            <file>file:/C:/Users/HP/Documents/NetBeansProjects/CalendarforProject/src/calendarforproject/calendar.java</file>
            <file>file:/C:/Users/HP/Documents/NetBeansProjects/CalendarforProject/src/calendarforproject/CalendarforProject.java</file>
            <file>file:/C:/Users/HP/Documents/NetBeansProjects/CalendarforProject/src/calendarforproject/Login.java</file>
            <file>file:/C:/Users/HP/Documents/NetBeansProjects/CalendarforProject/src/calendarforproject/MainMenu.java</file>
        </group>
    </open-files>
</project-private>
